
{
    "intrinsics": {
      "K": [ 2666.6666666666665, 0.0, 960.0, 0.0, 2666.6666666666665, 540.0, 0.0, 0.0, 1 ],
      "distortion": [ 0.0, 0.0, 0.0, 0.0 ],
       "resolution": [1024, 1280]
    },

  "extrinsics": {
    "Tvec": [ -2.22799567303904766380e-01, -2.68115844907733524849e+00, 2.00244542070773050568e+01 ],
    "rvecR": [ -1.50318577475344900690e-02, -1.35601762192175557403e-02, 1.53398218787568163535e+00 ],
    "EdgeLength":[]
  }
}
