
{
    "extrinsics": {
        "rvecs": [-1.50318577475344900690e-02, -1.35601762192175557403e-02, 1.53398218787568163535e+00],
        "tvecs": [-2.22799567303904766380e-01, -2.68115844907733524849e+00, 2.00244542070773050568e+01]
    }
}
