{
  "intrinsics": {
    "K": [ 1.27302252272186547088e+03, 0.00000000000000000000e+00, 6.55849702791097229237e+02, 0.00000000000000000000e+00, 1.27310110842967469580e+03, 5.36500860409391975736e+02, 0.00000000000000000000e+00, 0.00000000000000000000e+00, 1.00000000000000000000e+00 ],
    "distortion": [ -1.13717605280440309246e-01, 1.81257636857713316791e-01, 0.00000000000000000000e+00, 0.00000000000000000000e+00, 5.14235391221413845608e-02 ],
    "calibration_tolerance": 0.183243,
    "resolution": [ 1024, 1280 ]
  },

  "extrinsics": {
    "rvecR": [ -1.50318577475344900690e-02, -1.35601762192175557403e-02, 1.53398218787568163535e+00 ],
    "Tvec": [ -2.22799567303904766380e-01, -2.68115844907733524849e+00, 2.00244542070773050568e+01 ]
  }
}

